"player","position","team","points","sd_pts","dropoff","floor","ceiling","points_vor","floor_vor","ceiling_vor","rank","floor_rank","ceiling_rank","position_rank","tier","adp","aav","uncertainty"
"Bijan Robinson","RB","ATL",304,19,2.1,282,334,172,178,172,1,2,1,1,"1",3.33,59.9,10
"Saquon Barkley","RB","PHI",302,13.2,9.96,284,324,170,180,162,2,1,2,2,"1",4.95,55.8,1
"Jahmyr Gibbs","RB","DET",292,12.1,26.2,274,307,160,170,144,3,3,4,3,"2",6.21,53.3,1
"Derrick Henry","RB","BAL",266,18.8,1.88,240,294,133,136,131,4,4,5,4,"3",10.3,47.9,13
"Ja'Marr Chase","WR","CIN",299,22.3,36.2,273,329,132,134,129,5,6,6,1,"1",3.05,61.2,10
"Christian McCaffrey","RB","SF",264,25.3,8.34,240,312,131,136,149,6,5,3,5,"3",9.8,56.4,44
"Devon Achane","RB","MIA",256,15.9,2.3,234,275,123,129,113,7,7,8,6,"3",19.6,36,8
"Josh Jacobs","RB","GB",253,18.1,5.1,230,280,121,126,118,8,8,7,7,"3",18.1,37.9,14
"Ashton Jeanty","RB","LVR",248,20.5,3.41,210,274,116,106,111,9,12,9,8,"4",11.6,50,21
"Jonathan Taylor","RB","IND",245,16.8,2.06,224,268,112,119,105,10,9,11,9,"4",16.4,44.9,11
"Bucky Irving","RB","TB",243,18.7,0.766,216,265,110,112,103,11,11,13,10,"4",34.8,27.8,20
"Kyren Williams","RB","LAR",242,14.5,3.36,222,260,109,118,97.3,12,10,15,11,"4",21,36.6,7
"Chase Brown","RB","CIN",239,22.3,16,200,267,106,95.5,105,13,15,12,12,"5",36.6,28.9,32
"Justin Jefferson","WR","MIN",262,24.7,5.15,234,311,96.2,94.9,111,14,16,10,2,"1",7.14,55.8,22
"CeeDee Lamb","WR","DAL",257,13.5,9.65,237,276,91.1,98.5,77,15,13,22,3,"1",7.06,56.8,1
"James Cook","RB","BUF",223,20.7,7.46,202,251,90.1,97.6,88.6,16,14,16,13,"5",29.8,26.7,28
"Josh Allen","QB","BUF",385,19.5,4.78,354,408,88.3,76.6,82.8,17,27,19,1,"1",18.1,35.9,6
"Brock Bowers","TE","LVR",204,8.4,7.44,194,215,85.7,86.2,72.3,18,19,28,1,"1",39.6,24.7,3
"Lamar Jackson","QB","BAL",380,18.1,13.3,357,408,83.5,78.8,83,19,25,18,2,"1",19.9,31.1,9
"Alvin Kamara","RB","NO",215,17,5.42,195,243,82.7,90.9,80.9,20,17,20,14,"6",40.4,25.2,15
"Malik Nabers","WR","NYG",248,27.2,1.92,223,298,81.4,84.5,98.5,21,20,14,4,"1",20.1,36.5,46
"Puka Nacua","WR","LAR",246,19.2,1.98,223,274,79.5,84.4,74.3,22,21,27,5,"2",16.2,43.2,17
"Trey McBride","TE","ARI",196,7.07,6.8,188,206,78.3,80.2,63.3,23,24,35,2,"1",38.5,24.4,1
"Amon-Ra St. Brown","WR","DET",244,17.1,5.05,222,264,77.5,83.2,64.7,24,22,33,6,"2",13.7,51,7
"Breece Hall","RB","NYJ",210,20.9,0.0771,191,247,77.3,86.8,84.8,25,18,17,15,"6",35.6,32.9,35
"Chuba Hubbard","RB","CAR",210,19.9,2.3,183,239,77.2,78.7,76.8,26,26,23,16,"6",56,17.8,31
"James Conner","RB","ARI",207,18.1,1.98,180,231,74.9,75.4,68.7,27,28,32,17,"6",47.3,21.4,17
"Omarion Hampton","RB","LAC",205,26.5,3.93,168,238,72.9,64.2,75.3,28,36,24,18,"6",37.4,31.3,54
"Brian Thomas Jr.","WR","JAC",239,22.5,1.2,205,271,72.5,66,72.2,29,31,29,7,"2",31.6,29.4,25
"George Kittle","TE","SF",190,14.9,28.9,173,213,71.5,64.6,69.9,30,34,31,3,"2",42,20.1,23
"Nico Collins","WR","HOU",237,15.6,10.2,219,263,71.3,80.4,63.4,31,23,34,8,"2",18,38.7,4
"Jayden Daniels","QB","WAS",367,21.3,7.21,343,396,70.2,65.3,71.4,32,33,30,3,"2",36.5,21.4,11
"Kenneth Walker III","RB","SEA",201,16.8,1.87,169,216,69,64.5,53.8,33,35,36,19,"6",41,22.3,18
"TreVeyon Henderson","RB","NE",200,24.5,7.73,170,240,67.1,65.4,77.6,34,32,21,20,"7",48.3,25.9,52
"Jalen Hurts","QB","PHI",359,11,8.62,346,377,63,68.5,51.9,35,29,37,4,"2",30.3,27,1
"Drake London","WR","ATL",227,23.8,5.92,205,274,61.1,66.4,75,36,30,26,9,"3",24.1,35.4,39
"D'Andre Swift","RB","CHI",192,25.9,6.85,163,237,59.4,58.5,75.2,37,39,25,21,"7",59.7,15.9,58
"A.J. Brown","WR","PHI",221,14.9,3.74,198,241,55.2,59.1,41.8,38,38,43,10,"3",21.5,40.9,1
"Joe Burrow","QB","CIN",351,17.4,22,325,370,54.4,47.1,45.1,39,48,40,5,"3",32.4,22.9,3
"Tony Pollard","RB","TEN",185,18.5,2.93,152,208,52.5,47.7,46.2,40,47,38,22,"7",72.8,13.1,24
"Ladd McConkey","WR","LAC",218,17,1.24,197,244,51.4,58.1,45.2,41,40,39,11,"3",44.2,22.2,6
"Tyreek Hill","WR","MIA",216,12,7.98,201,238,50.2,62.2,38.3,42,37,46,12,"3",31.2,42.2,14
"Aaron Jones","RB","MIN",182,11.5,4.08,159,191,49.6,55,28.7,43,42,53,23,"7",65.8,13.6,3
"David Montgomery","RB","DET",178,12.1,0.186,160,194,45.5,55.9,31.6,44,41,50,24,"7",59.5,14.3,6
"RJ Harvey","RB","DEN",178,16.9,4.55,157,204,45.3,52.6,42.1,45,44,42,25,"8",64,17.7,30
"Sam LaPorta","TE","DET",161,9.01,13,148,173,42.6,39.8,30,46,54,52,4,"3",54.6,15,9
"Tee Higgins","WR","CIN",208,20.9,0.304,173,232,42.2,34.6,32.3,47,58,49,13,"3",38.5,23.2,40
"Jaxon Smith-Njigba","WR","SEA",208,18.3,0.922,184,238,41.9,45.2,38.7,48,49,45,14,"4",51.2,18.6,28
"Mike Evans","WR","TB",207,13.1,0.131,193,225,41,54.5,25.9,49,43,54,15,"4",36.8,27.9,8
"Terry McLaurin","WR","WAS",207,17.6,2.08,188,234,40.9,49.2,34.9,50,45,48,16,"4",47.8,17.8,44
"Tyrone Tracy","RB","NYG",173,18.7,6.55,146,200,40.8,41.5,38.2,51,52,47,26,"8",85.3,9.18,27
"Davante Adams","WR","LAR",205,22.4,7.67,182,239,38.8,42.9,39.4,52,50,44,17,"4",38.5,29.3,47
"Isiah Pacheco","RB","KC",167,22.6,12.4,129,193,34.2,24.8,30.3,53,63,51,27,"9",66,16.2,42
"Patrick Mahomes","QB","KC",329,14.7,5.96,309,350,32.4,31.5,25.1,54,61,55,6,"4",43.2,19.8,14
"Marvin Harrison Jr.","WR","ARI",197,14.7,1.99,174,219,31.1,35.6,19.9,55,57,63,18,"4",40.9,26.3,24
"Mark Andrews","TE","BAL",148,7.9,3.39,136,158,29.6,28.6,15.1,56,62,72,5,"4",72.4,9.47,11
"DK Metcalf","WR","PIT",195,5.28,0.844,188,203,29.1,48.9,3.29,57,46,108,19,"4",49.1,19.6,3
"Garrett Wilson","WR","NYJ",194,12.5,1.78,180,218,28.3,41.6,18.4,58,51,66,20,"4",42.8,28.3,12
"Courtland Sutton","WR","DEN",193,15.4,0.0135,179,218,26.5,39.9,18.7,59,53,65,21,"4",64.2,17,26
"D.J. Moore","WR","CHI",193,15.2,3.13,177,219,26.5,37.8,20.1,60,55,62,22,"4",53.1,17.5,36
"Baker Mayfield","QB","TB",323,17.9,3.3,299,344,26.4,20.9,18.7,61,68,64,7,"4",65.7,10.6,29
"Travis Kelce","TE","KC",144,16.4,1.44,121,164,26.2,12.8,21.2,62,82,61,6,"4",62.1,18.5,43
"T.J. Hockenson","TE","MIN",143,10.1,5.14,129,157,24.8,21.2,14.1,63,67,73,7,"4",72.2,10.5,17
"Zay Flowers","WR","BAL",190,14.8,0.655,163,207,23.4,23.8,7.98,64,64,87,23,"5",68.3,9.45,31
"Kyler Murray","QB","ARI",319,19.2,3.63,296,348,23.1,18.1,23.3,65,70,56,8,"4",79.4,8.91,49
"Xavier Worthy","WR","KC",189,19,1.76,160,213,22.7,21.2,13.6,66,66,75,24,"5",63.6,10.8,56
"Kaleb Johnson","RB","PIT",154,22.3,0.843,120,185,21.8,16.1,22.5,67,74,57,28,"9",82.5,10.1,63
"Jaylen Warren","RB","PIT",153,19.7,7.16,127,179,20.9,22.4,17.1,69,65,67,29,"9",94.6,6.71,37
"DeVonta Smith","WR","PHI",187,14.1,1.49,171,208,20.9,32.7,9.09,68,60,84,25,"5",60.3,14.1,21
"David Njoku","TE","CLE",138,9.89,5.39,121,147,19.6,13,4.67,70,81,97,8,"5",93.4,5.98,26
"Bo Nix","QB","DEN",316,16.5,6.31,290,337,19.5,12.1,12.4,71,84,78,9,"5",75.7,8.77,26
"Jameson Williams","WR","DET",186,11.7,0.194,174,206,19.5,35.6,7.2,72,56,91,26,"5",70.3,9.57,15
"Calvin Ridley","WR","TEN",185,15.4,2.19,172,212,19.3,33.1,12.2,73,59,79,27,"5",70.3,12.8,35
"Brian Branch","DB","DET",107,8.2,3.58,102,113,17.8,17.9,15.1,74,71,71,1,"1",NA,9.38,18
"Tetairoa McMillan","WR","CAR",183,18.3,0.623,152,211,17.1,13.3,12.1,75,80,80,28,"5",69.4,14.8,57
"Brandon Aubrey","K","DAL",164,13.8,14.1,138,179,16.9,0,21.3,76,130,60,1,"1",107,4.08,29
"Jerry Jeudy","WR","CLE",183,19.2,7.2,155,215,16.5,16.6,16.1,77,72,69,29,"5",87.5,8.86,49
"Tyler Warren","TE","IND",132,15.6,4.44,115,165,14.3,6.77,21.9,78,98,59,9,"5",101,8.8,51
"Kerby Joseph","DB","DET",104,8.84,0.657,98.1,110,14.2,13.9,12,79,77,81,2,"1",NA,18.8,61
"Austin Ekeler","RB","WAS",146,14.8,10,118,162,13.8,13.8,-0.442,80,79,137,30,"10",111,6.77,41
"Jessie Bates","DB","ATL",103,4.17,2.58,100,106,13.6,16.2,7.95,81,73,88,3,"1",NA,16.6,12
"Brock Purdy","QB","SF",310,11.8,9.27,292,327,13.2,14.1,2.27,82,76,115,10,"5",91.5,6.41,66
"Zack Baun","LB","PHI",101,9.12,1.36,95.1,108,11.7,7.87,16.7,83,97,68,1,"1",NA,15.8,38
"Maxx Crosby","DL","LVR",53.9,3.25,1.22,51.5,56,11,11.4,10.1,85,86,82,1,"1",NA,17,12
"Julian Love","DB","SEA",101,0.849,0.545,100,101,11,15.7,2.93,84,75,111,4,"1",NA,7.13,1
"Kyle Hamilton","DB","BAL",100,4.6,1.91,97.1,103,10.5,12.8,5.14,86,83,95,5,"1",NA,24.1,11
"Zaire Franklin","LB","IND",99.6,2.12,2.26,98.1,101,10.4,10.8,10,87,88,83,2,"1",NA,17.9,2
"Evan Engram","TE","DEN",128,14,0.976,109,147,9.81,0.701,4.22,88,121,103,10,"5",100,7.86,37
"Andrew Van Ginkel","DL","MIN",52.6,0.99,5.65,52,53.4,9.78,11.9,7.51,89,85,89,2,"2",NA,9.98,3
"Andrew Van Ginkel","DL","MIN",52.6,0.99,5.65,52,53.4,9.78,11.9,7.51,89,85,89,2,"2",NA,9.98,46
"George Pickens","WR","DAL",175,10.5,1.21,159,191,9.25,20.6,-8.29,90,69,203,30,"5",70,11.3,19
"Tucker Kraft","TE","GB",127,14.2,8.71,101,147,8.84,-7.05,4.62,91,184,98,11,"6",111,3.79,31
"Julian Blackmon","DB","NO",98.1,NA,0.0388,NA,NA,8.54,NA,NA,92,NA,NA,6,"1",NA,7.7,84
"Reed Blankenship","DB","PHI",98.1,6.51,2.16,93.9,103,8.5,9.63,4.59,93,92,99,7,"2",NA,10.7,23
"Fred Warner","LB","SF",97.4,0.99,2.22,96.6,98,8.11,9.36,7.02,94,94,92,3,"1",NA,17.9,1
"Travis Hunter","WR","JAC",174,23.1,2.23,150,213,8.04,11.4,13.2,95,87,77,31,"5",77.6,11,62
"Travis Hunter","WR","JAC",174,23.1,2.23,150,213,8.04,11.4,13.2,95,87,77,31,"5",77.6,11,96
"Budda Baker","DB","ARI",95.9,2.9,5.3,94,98,6.34,9.78,-0.221,96,91,135,8,"3",NA,9.96,2
"Robert Spillane","LB","NE",95.1,3.25,0.762,93,97.5,5.89,5.78,6.55,97,102,93,4,"1",NA,11,26
"Deebo Samuel","WR","WAS",172,18.5,3.17,153,204,5.81,13.8,4.51,98,78,100,32,"6",80.9,13.9,51
"Foyesade Oluokun","LB","JAC",94.4,6.36,3.2,90.3,99,5.13,3.03,8.08,99,108,86,5,"2",NA,35.5,40
"Nik Bonitto","DL","DEN",47,4.88,0.655,43.9,50.6,4.12,3.81,4.71,100,104,96,3,"2",NA,6.17,33
"Nik Bonitto","DL","DEN",47,4.88,0.655,43.9,50.6,4.12,3.81,4.71,100,104,96,3,"2",NA,6.17,82
"Justin Fields","QB","NYJ",300,11.8,2.37,288,319,3.93,10.6,-5.72,101,89,183,11,"5",107,5.27,77
"Joe Mixon","RB","HOU",136,35.2,0.738,104,205,3.75,0,42.9,102,130,41,31,"10",76.5,11.9,99
"T.J. Watt","DL","PIT",46.3,5.59,0.12,42.2,49.9,3.47,2.17,4.05,103,111,104,4,"2",NA,16.8,26
"T.J. Watt","DL","PIT",46.3,5.59,0.12,42.2,49.9,3.47,2.17,4.05,103,111,104,4,"2",NA,16.8,65
"Aidan Hutchinson","DL","DET",46.2,4.24,0.484,43.1,48.9,3.35,3.04,3.07,104,107,110,5,"2",NA,14.2,17
"Zach Charbonnet","RB","SEA",135,18,0.266,114,162,3.01,9.59,0,105,93,130,32,"10",117,5.91,34
"Jonathan Greenard","DL","MIN",45.7,6.01,0.737,41.9,50.2,2.87,1.82,4.28,106,112,102,6,"2",NA,8.59,31
"Jonathan Greenard","DL","MIN",45.7,6.01,0.737,41.9,50.2,2.87,1.82,4.28,106,112,102,6,"2",NA,8.59,77
"Chase McLaughlin","K","TB",150,9.42,0.0962,133,160,2.83,-5.69,2.49,107,174,113,2,"1",140,2.11,32
"J.K. Dobbins","RB","DEN",135,24.6,1.8,105,178,2.74,0.75,15.4,108,120,70,33,"10",106,7.66,73
"Kaimi Fairbairn","K","HOU",150,6.74,0.629,140,159,2.74,1.37,1.23,109,115,120,3,"1",145,1.92,35
"Jaylen Waddle","WR","MIA",169,17.2,0.686,139,189,2.64,0,-10.5,110,130,223,33,"6",76.9,15.2,53
"Broncos","DST","DEN",96.6,10.3,1.18,86.2,113,2.23,0.429,6.51,111,124,94,1,"1",113,2.37,3
"Anfernee Jennings","DL","NE",45,NA,1.62,NA,NA,2.13,NA,NA,112,NA,NA,7,"3",NA,NA,95
"Jake Bates","K","DET",149,4.45,0.0113,145,157,2.11,6.42,0,113,100,130,4,"1",134,2.22,10
"Cameron Dicker","K","LAC",149,10,0.944,129,159,2.09,-9.32,1.27,114,209,118,5,"1",130,2.52,6
"Rome Odunze","WR","CHI",168,17.2,1.8,147,192,1.96,8.17,-7.24,115,96,198,34,"6",90.9,6.51,42
"Daiyan Henley","LB","LAC",91.2,1.27,0.194,90.2,92,1.93,2.97,1.02,116,109,124,6,"2",NA,7.3,29
"T.J. Edwards","LB","CHI",91,1.48,1.2,90,92.1,1.73,2.76,1.1,117,110,122,7,"2",NA,11.6,19
"Caleb Williams","QB","CHI",298,17.8,1.55,284,332,1.55,6.14,7.3,118,101,90,12,"5",107,5.4,71
"Jake Elliott","K","PHI",148,4.43,1.13,140,153,1.15,1.72,-4.39,119,114,167,6,"1",145,1.99,23
"Texans","DST","HOU",95.4,11.1,1.05,76.9,108,1.05,-8.85,1.2,120,198,121,2,"2",136,1.6,52
"Kevin Byard","DB","CHI",90.6,11.6,1.04,83.2,99.1,1.04,-1.09,0.866,121,138,126,9,"3",NA,14.7,49
"Travis Etienne","RB","JAC",133,21.4,0.947,106,165,0.947,1.23,3.1,122,116,109,34,"10",95.6,15,46
"Ernest Jones","LB","SEA",89.8,3.39,0.305,87.3,91.9,0.537,0.0173,0.984,123,129,125,8,"2",NA,12.1,22
"Bradley Chubb","DL","MIA",43.4,3.32,0.0466,41.2,45.8,0.505,1.18,-0.0513,124,117,133,8,"3",NA,7.39,53
"Bradley Chubb","DL","MIA",43.4,3.32,0.0466,41.2,45.8,0.505,1.18,-0.0513,124,117,133,8,"3",NA,7.39,79
"Derrick Brown","DL","CAR",43.3,10.2,0.459,35.8,49.8,0.459,-4.22,3.98,125,159,105,9,"3",NA,NA,81
"Jamien Sherwood","LB","NYJ",89.5,2.33,0.232,87.8,91,0.232,0.491,0,126,122,130,9,"2",NA,11.3,14
"Chris Olave","WR","NO",166,20.6,0.152,138,202,0.152,-0.761,2.57,127,136,112,35,"6",91.2,8.83,50
"Jake Ferguson","TE","DAL",118,6.91,0.126,112,131,0.126,3.61,-11.7,128,105,236,12,"6",137,2.82,14
"Matt Gay","K","WAS",147,7.97,0.023,139,161,0.023,0.389,3.41,129,125,107,7,"1",157,1.94,61
"Justin Herbert","QB","LAC",296,14.7,0.486,277,319,0,-0.331,-6.44,130,135,191,13,"5",114,5.93,43
"Javonte Williams","RB","DAL",132,13.5,1.84,115,148,0,10.3,-13.9,130,90,262,35,"10",115,7.62,23
"Ricky Pearsall","WR","SF",166,19.9,2.71,134,201,0,-5.21,1.25,130,168,119,36,"6",92.9,9,64
"Dallas Goedert","TE","PHI",118,13.9,0.553,93.2,136,0,-14.7,-6.3,130,256,188,13,"6",135,3.67,40
"Chris Boswell","K","PIT",147,4.84,0.712,142,154,0,4.15,-3.74,130,103,159,8,"1",139,2.37,58
"Ravens","DST","BAL",94.4,7.55,0.81,86,107,0,0.247,0,130,128,130,3,"2",118,2.1,6
"Myles Garrett","DL","CLE",42.9,4.38,0.964,40.1,46.1,0,0,0.223,130,130,128,10,"3",NA,21.2,19
"Roquan Smith","LB","BAL",89.2,2.69,0.766,87.3,91,0,0,-0.00525,130,130,131,10,"2",NA,46.6,5
"Antoine Winfield","DB","TB",89.6,8.49,0.884,84.1,95.8,0,-0.138,-2.46,130,134,148,10,"3",NA,7.99,25
"Jared Goff","QB","DET",296,21,2.33,274,329,-0.486,-4,4.42,131,155,101,14,"5",99.8,6.03,74
"Kyle Pitts","TE","ATL",117,7.75,0.0588,108,129,-0.553,0,-13.5,132,130,253,14,"6",126,6.11,20
"Colston Loveland","TE","CHI",117,25.5,2.51,71.3,151,-0.612,-36.6,8.62,133,461,85,15,"6",124,5.72,91
"Harrison Butker","K","KC",146,5.83,0.196,138,154,-0.712,-0.106,-3.15,134,132,156,9,"1",152,2.39,16
"Nick Bolton","LB","KC",88.5,5.3,2.33,85.1,92.4,-0.766,-2.19,1.4,135,142,117,11,"3",NA,9.77,41
"Eagles","DST","PHI",93.6,10.4,4.99,78.5,104,-0.81,-7.2,-2.91,136,187,153,4,"3",120,1.63,23
"Calen Bullock","DB","HOU",88.7,5.3,0.672,85.3,92.6,-0.884,1.01,-5.68,137,118,182,11,"3",NA,NA,79
"Tyler Bass","K","BUF",146,8.78,0.177,135,161,-0.908,-2.98,3.78,138,148,106,10,"1",151,1.89,45
"Khalil Mack","DL","LAC",41.9,0.141,0.223,41.8,42,-0.964,1.74,-3.87,139,113,160,11,"3",NA,5.23,1
"Khalil Mack","DL","LAC",41.9,0.141,0.223,41.8,42,-0.964,1.74,-3.87,139,113,160,11,"3",NA,5.23,44
"Evan McPherson","K","CIN",146,7.3,2,139,158,-1.09,0.472,1.1,140,123,123,11,"1",163,1.93,48
"Jeffery Simmons","DL","TEN",41.7,3.54,0.12,39.1,43.9,-1.19,-0.978,-1.92,141,137,145,12,"3",NA,6.53,22
"Josh Allen","DL","JAC",41.6,2.19,0.128,40,43,-1.31,-0.111,-2.9,142,133,152,13,"3",NA,11.6,21
"Josh Allen","DL","JAC",41.6,2.19,0.128,40,43,-1.31,-0.111,-2.9,142,133,152,13,"3",NA,11.6,58
"Harold Landry","DL","NE",41.4,2.19,0.436,40,43,-1.44,-0.0325,-2.82,143,131,151,14,"3",NA,4.01,10
"Harold Landry","DL","NE",41.4,2.19,0.436,40,43,-1.44,-0.0325,-2.82,143,131,151,14,"3",NA,4.01,56
"Camryn Bynum","DB","IND",88,0.919,0.387,87.4,88.7,-1.56,3.15,-9.57,144,106,211,12,"3",NA,NA,14
"Rhamondre Stevenson","RB","NE",131,23.2,10.4,99.7,161,-1.84,-4.53,-1.66,145,161,143,36,"10",109,6.54,56
"Brian Burns","DL","NYG",41,0,0.743,41,41,-1.87,0.935,-4.87,146,119,174,15,"4",NA,8.21,1
"Brian Burns","DL","NYG",41,0,0.743,41,41,-1.87,0.935,-4.87,146,119,174,15,"4",NA,8.21,36
"Coby Bryant","DB","SEA",87.6,33.3,0.445,66.3,112,-1.94,-18,13.8,147,290,74,13,"3",NA,6.29,96
"Brandon Jones","DB","DEN",87.2,14,0.145,78.2,97.5,-2.39,-6.06,-0.793,148,175,138,14,"3",NA,7.75,54
"Jordan Battle","DB","CIN",87,4.31,1.79,84.3,90.2,-2.53,0,-8.06,149,130,201,15,"3",NA,8.54,35
"Danielle Hunter","DL","HOU",40.3,8.77,0.284,33.8,45.9,-2.62,-6.25,0,150,176,130,16,"4",NA,12.1,59
"Danielle Hunter","DL","HOU",40.3,8.77,0.284,33.8,45.9,-2.62,-6.25,0,150,176,130,16,"4",NA,12.1,96
"Jauan Jennings","WR","SF",163,19.6,1.32,135,189,-2.71,-3.78,-10.3,151,152,218,37,"6",110,7.04,54
"Dak Prescott","QB","DAL",294,11.8,3.45,278,311,-2.82,0,-14.4,152,130,268,15,"6",89.2,8.78,51
"Leonard Williams","DL","SEA",40,8.2,0.248,34.7,46,-2.9,-5.34,0.129,153,171,129,17,"4",NA,5.88,64
"Wil Lutz","K","DEN",144,5.16,0.935,139,153,-3.08,0.311,-4.31,154,126,166,12,"1",159,1.55,19
"Kaden Elliss","LB","ATL",86.1,0.212,0.158,86,86.3,-3.1,-1.26,-4.67,155,141,171,12,"3",NA,30.2,3
"Dalton Kincaid","TE","BUF",115,5.06,0.405,108,121,-3.13,0.254,-21.8,156,127,355,16,"6",136,2.89,6
"Trey Hendrickson","DL","CIN",39.7,7.21,0.497,35.1,45,-3.15,-4.96,-0.847,157,164,139,18,"4",NA,11.1,42
"Lavonte David","LB","TB",86,1.56,0.6,84.8,87,-3.26,-2.43,-3.99,158,145,162,13,"3",NA,23.4,7
"Zach Ertz","TE","WAS",114,13.8,2.17,98.8,138,-3.53,-9.18,-4.58,159,205,169,17,"6",142,2.56,49
"Jaelan Phillips","DL","MIA",39.2,5.23,0.175,35.9,43.1,-3.64,-4.19,-2.8,160,158,150,19,"4",NA,7.54,60
"Jaelan Phillips","DL","MIA",39.2,5.23,0.175,35.9,43.1,-3.64,-4.19,-2.8,160,158,150,19,"4",NA,7.54,87
"DeForest Buckner","DL","IND",39.1,10.6,0.273,31.3,45.8,-3.82,-8.81,-0.0273,161,197,132,20,"4",NA,7.82,74
"Jordyn Brooks","LB","MIA",85.4,5.16,0.407,82.1,89.2,-3.86,-5.19,-1.79,162,167,144,14,"3",NA,9.53,36
"Younghoe Koo","K","ATL",143,8.94,0.922,133,156,-4.02,-5.02,-1.09,163,165,140,13,"1",161,1.72,55
"Jakobi Meyers","WR","LVR",162,9.98,2,145,174,-4.03,6.75,-25.2,164,99,399,38,"6",99.9,6.5,11
"Alex Highsmith","DL","PIT",38.8,4.24,0.0486,36.1,41.9,-4.09,-4,-3.97,165,154,161,21,"4",NA,8.26,24
"Alex Highsmith","DL","PIT",38.8,4.24,0.0486,36.1,41.9,-4.09,-4,-3.97,165,154,161,21,"4",NA,8.26,71
"Nick Bosa","DL","SF",38.7,3.46,0.0273,36.2,40.9,-4.14,-3.88,-4.92,166,153,176,22,"4",NA,10.8,9
"Micah Parsons","DL","GB",38.7,1.98,0.552,37.2,40,-4.17,-2.82,-5.9,167,147,185,23,"4",NA,21.1,5
"Micah Parsons","DL","GB",38.7,1.98,0.552,37.2,40,-4.17,-2.82,-5.9,167,147,185,23,"4",NA,21.1,35
"Alex Singleton","LB","DEN",85,4.31,0.0126,81.8,87.7,-4.27,-5.46,-3.23,168,172,157,15,"3",NA,12,31
"Alex Anzalone","LB","DET",85,3.11,0.678,82.7,87,-4.28,-4.59,-4.01,169,162,163,16,"3",NA,6.07,43
"Nick Cross","DB","IND",85.2,7.99,0.166,80.1,91.1,-4.32,-4.15,-7.15,170,157,196,16,"3",NA,8.02,40
"Trevon Moehrig","DB","CAR",85.1,9.26,0.131,79.1,91.9,-4.49,-5.13,-6.38,171,166,190,17,"3",NA,11.1,51
"Byron Murphy","DB","MIN",84.9,6.01,0.27,81.1,89.4,-4.62,-3.17,-8.9,172,149,207,18,"3",NA,5.4,74
"Jermaine Johnson","DL","NYJ",38.2,0.99,0.659,37.4,38.8,-4.72,-2.64,-7.08,173,146,195,24,"4",NA,NA,23
"Jermaine Johnson","DL","NYJ",38.2,0.99,0.659,37.4,38.8,-4.72,-2.64,-7.08,173,146,195,24,"4",NA,NA,47
"Derwin James","DB","LAC",84.7,2.55,0.444,83,86.5,-4.89,-1.23,-11.7,174,139,235,19,"3",NA,18.1,4
"Tyler Loop","K","BAL",142,4.38,1.93,133,145,-4.94,-4.87,-12.6,175,163,245,14,"2",166,2.31,65
"Logan Wilson","LB","CIN",84.3,10.3,0.431,76.8,90.8,-4.96,-10.5,-0.118,176,218,134,17,"3",NA,10.7,45
"Jeremy Chinn","DB","LVR",84.2,3.39,0.158,82.1,86.7,-5.33,-2.21,-11.5,177,143,233,20,"3",NA,5.88,7
"Will Anderson","DL","HOU",37.5,6.86,0.699,33.1,42.5,-5.38,-6.96,-3.34,178,182,158,25,"4",NA,9.96,37
"Bobby Okereke","LB","NYG",83.9,2.83,0.343,82,85.9,-5.39,-5.22,-5.03,179,169,179,18,"3",NA,12.5,52
"Grant Delpit","DB","CLE",84.1,1.63,0.765,83,85.3,-5.49,-1.24,-13,180,140,248,21,"4",NA,11.3,9
"Hunter Henry","TE","NE",112,16.6,1.35,80.3,129,-5.7,-27.7,-13.7,181,393,255,18,"6",149,2.38,63
"Quincy Williams","LB","NYJ",83.5,0.778,0.335,83,84.1,-5.73,-4.25,-6.88,182,160,193,19,"3",NA,9.17,12
"Rams","DST","LAR",88.6,8.17,0.0987,79,99.4,-5.8,-6.77,-7.15,183,180,197,5,"3",168,0.635,32
"Vikings","DST","MIN",88.5,2.47,0.996,85.7,92.7,-5.9,0,-13.9,184,130,258,6,"4",141,1.47,1
"Matthew Golden","WR","GB",160,23.5,0.497,121,196,-6.03,-17.5,-3.04,185,287,155,39,"6",95.9,10.1,76
"Bobby Wagner","LB","WAS",83.2,4.31,0.227,80,85.9,-6.07,-7.26,-5.03,186,188,178,20,"3",NA,18.5,28
"Carl Granderson","DL","NO",36.8,9.48,0.00836,29.8,42.9,-6.08,-10.2,-3.01,187,215,154,26,"4",NA,NA,85
"Gregory Rousseau","DL","BUF",36.8,6.43,0.229,32.1,40.9,-6.09,-8.01,-4.97,188,192,177,27,"4",NA,11.8,40
"Chamarri Conner","DB","KC",83.3,NA,0.523,NA,NA,-6.26,NA,NA,189,NA,NA,22,"4",NA,NA,99
"J.J. McCarthy","QB","MIN",290,19.6,4.73,270,325,-6.27,-7.83,0,190,191,130,16,"6",129,3.57,69
"Tyrel Dodson","LB","MIA",82.9,10.6,1.48,76.2,90.7,-6.29,-11.1,-0.225,191,223,136,21,"4",NA,8.5,47
"Cameron Heyward","DL","PIT",36.6,0.849,0.646,36,37.2,-6.32,-4.05,-8.69,192,156,205,28,"5",NA,4.56,13
"Stefon Diggs","WR","NE",160,12,1.98,147,182,-6.53,8.53,-17.6,193,95,307,40,"6",97.3,11,32
"Tyrique Stevenson","DB","CHI",82.8,3.32,0.466,80.6,85.2,-6.78,-3.61,-13,194,151,249,23,"4",NA,NA,86
"Brandon McManus","K","GB",140,11.3,0.644,125,155,-6.87,-13.8,-1.99,195,242,146,15,"2",175,1.91,77
"Bills","DST","BUF",87.5,9.56,0.927,68.6,94.2,-6.89,-17.1,-12.4,196,282,242,7,"5",131,1.37,45
"D.J. Wonnum","DL","CAR",35.9,7.5,0.0592,31.1,41.4,-6.96,-8.95,-4.45,197,200,168,29,"5",NA,6.96,76
"Kobie Turner","DL","LAR",35.9,4.81,0.0737,32.3,38.9,-7.02,-7.75,-6.94,198,190,194,30,"5",NA,NA,27
"Jonnu Smith","TE","PIT",111,19.9,6.1,81.2,143,-7.05,-26.7,0,199,383,130,19,"7",141,1.69,86
"Jared Verse","DL","LAR",35.8,3.39,0.469,33.3,37.9,-7.09,-6.78,-7.92,200,181,200,31,"5",NA,NA,15
"Jared Verse","DL","LAR",35.8,3.39,0.469,33.3,37.9,-7.09,-6.78,-7.92,200,181,200,31,"5",NA,NA,72
"Xavier McKinney","DB","GB",82.3,11.7,0.309,73.7,89.8,-7.25,-10.6,-8.42,201,219,204,24,"4",NA,11.3,39
"Daniel Carlson","K","LVR",139,9.51,0.72,122,147,-7.51,-16.1,-10.4,202,267,222,16,"2",166,1.81,71
"YaYa Diaby","DL","TB",35.3,6.58,0.808,31.1,40.1,-7.56,-8.97,-5.73,204,201,184,32,"5",NA,3.86,54
"YaYa Diaby","DL","TB",35.3,6.58,0.808,31.1,40.1,-7.56,-8.97,-5.73,204,201,184,32,"5",NA,3.86,73
"DeShon Elliott","DB","PIT",82,7.64,0.602,77.1,87.6,-7.56,-7.15,-10.6,203,186,225,25,"4",NA,12.9,32
"Azeez Al-Shaair","LB","HOU",81.5,0.707,2.63,81,82,-7.78,-6.26,-8.98,205,177,209,22,"4",NA,37.5,17
"Packers","DST","GB",86.5,11.7,1.22,70.4,102,-7.82,-15.3,-4.81,206,263,172,8,"6",156,0.65,77
"Jaylon Jones","DB","IND",81.4,NA,0.272,NA,NA,-8.16,NA,NA,207,NA,NA,26,"4",NA,4.15,NA
"Will Reichard","K","MIN",139,9.29,0.862,129,153,-8.23,-9.21,-4.16,208,207,164,17,"2",162,2.82,74
"Kyle Van Noy","DL","BAL",34.5,NA,0.11,NA,NA,-8.37,NA,NA,209,NA,NA,33,"5",NA,3.55,68
"Kyle Van Noy","DL","BAL",34.5,NA,0.11,NA,NA,-8.37,NA,NA,209,NA,NA,33,"5",NA,3.55,99
"Mike Sainristil","DB","WAS",81.1,4.38,0.749,77.9,83.9,-8.43,-6.36,-14.3,210,178,267,27,"4",NA,3.67,44
"AShawn Robinson","DL","CAR",34.4,2.12,0.61,33,35.9,-8.48,-7.03,-9.92,211,183,213,34,"5",NA,2.69,18
"Cooper Kupp","WR","SEA",158,24.6,1.58,135,198,-8.5,-3.52,-1.38,212,150,141,41,"6",92,13.8,67
"Cowboys","DST","DAL",85.3,11.4,0.848,71.3,102,-9.04,-14.4,-4.83,213,253,173,9,"6",162,0.55,97
"Josh Sweat","DL","ARI",33.8,4.24,0.019,31.1,36.9,-9.09,-9,-8.97,214,202,208,35,"5",NA,8.74,29
"Josh Sweat","DL","ARI",33.8,4.24,0.019,31.1,36.9,-9.09,-9,-8.97,214,202,208,35,"5",NA,8.74,62
"Joshua Karty","K","LAR",138,5.99,0.779,130,146,-9.1,-8.4,-11.8,215,196,237,18,"2",179,2.65,13
"Zach Allen","DL","DEN",33.8,2.69,0.341,32,35.7,-9.11,-8.03,-10.1,216,193,217,36,"5",NA,8.28,6
"Kenny Moore","DB","IND",80.4,4.24,0.221,77.7,83.5,-9.18,-6.6,-14.8,217,179,272,28,"4",NA,NA,28
"Xavier Woods","DB","TEN",80.2,1.77,1.41,79,81.5,-9.4,-5.24,-16.8,218,170,296,29,"4",NA,6.31,42
"Demarcus Lawrence","DL","SEA",33.4,8.27,0.106,28.1,39.5,-9.45,-11.9,-6.37,219,227,189,37,"5",NA,2.3,83
"Tuli Tuipulotu","DL","LAC",33.3,4.1,0.414,30.3,35.9,-9.56,-9.76,-9.93,220,212,214,38,"5",NA,NA,32
"Tuli Tuipulotu","DL","LAC",33.3,4.1,0.414,30.3,35.9,-9.56,-9.76,-9.93,220,212,214,38,"5",NA,NA,50
"Jake Moody","K","SF",137,7.45,1.3,129,149,-9.87,-9.81,-8.12,221,213,202,19,"2",167,3.03,39
"Steelers","DST","PIT",84.5,6.94,0.579,76.6,93.7,-9.89,-9.12,-12.9,222,204,246,10,"7",124,2.12,10
"Braden Fiske","DL","LAR",32.9,NA,0.0874,NA,NA,-9.97,NA,NA,223,NA,NA,39,"5",NA,NA,63
"Michael Pittman","WR","IND",156,12.1,2.28,136,170,-10.1,-2.37,-29,225,144,427,42,"6",106,9.4,29
"Travon Walker","DL","JAC",32.8,1.2,0.162,31.9,33.6,-10.1,-8.14,-12.3,224,195,241,40,"5",NA,8.09,4
"Travon Walker","DL","JAC",32.8,1.2,0.162,31.9,33.6,-10.1,-8.14,-12.3,224,195,241,40,"5",NA,8.09,38
"George Karlaftis","DL","KC",32.7,8.63,0.0569,27.1,39,-10.2,-12.9,-6.88,226,232,192,41,"5",NA,8.16,69
"Cameron Jordan","DL","NO",32.6,3.96,0.394,30.1,35.5,-10.3,-10,-10.4,227,214,220,42,"6",NA,NA,86
"Tremaine Edmunds","LB","CHI",78.8,1.27,0.474,78,79.8,-10.4,-9.25,-11.2,228,208,231,23,"4",NA,8.02,33
"Seahawks","DST","SEA",83.9,6.39,0.17,76.2,92.1,-10.5,-9.51,-14.5,229,210,269,11,"7",156,1.1,16
"49ers","DST","SF",83.7,10.5,0.63,67.4,94.4,-10.6,-18.3,-12.1,230,295,240,12,"8",148,0.3,71
"Keion White","DL","NE",32.2,NA,0.3,NA,NA,-10.7,NA,NA,231,NA,NA,43,"6",NA,NA,14
"Keion White","DL","NE",32.2,NA,0.3,NA,NA,-10.7,NA,NA,231,NA,NA,43,"6",NA,NA,97
"Devon Witherspoon","DB","SEA",78.8,5.73,0.453,75.1,83,-10.8,-9.18,-15.3,232,206,276,30,"4",NA,11.3,21
"Cody Barton","LB","TEN",78.4,2.69,1.08,76.6,80.3,-10.9,-10.6,-10.6,233,220,224,24,"4",NA,12.7,34
"Drake Maye","QB","NE",285,17.3,2.18,260,302,-11,-18.1,-23,235,293,371,17,"6",123,5.21,60
"Byron Young","DL","LAR",31.9,NA,0.529,NA,NA,-11,NA,NA,234,NA,NA,44,"6",NA,NA,NA
"Cam Little","K","JAC",136,10.8,0.808,121,155,-11.2,-17.7,-2.23,236,288,147,20,"2",162,2.95,68
"Chiefs","DST","KC",83.1,8.39,0.291,72.3,90.9,-11.3,-13.4,-15.7,238,239,283,13,"8",146,0.963,35
"Jaquan Brisker","DB","CHI",78.3,9.62,0.329,72.1,85.4,-11.3,-12.1,-12.9,237,230,247,31,"4",NA,6.46,30
"Kwity Paye","DL","IND",31.4,0.566,0.983,31,31.8,-11.5,-9.06,-14.1,239,203,264,45,"6",NA,NA,8
"Commanders","DST","WAS",82.8,12.4,0.021,64.9,96.6,-11.6,-20.8,-9.99,240,329,215,14,"8",169,0.1,84
"Lions","DST","DET",82.8,11,0.0906,65.2,94,-11.6,-20.6,-12.6,241,326,244,15,"8",144,1.29,58
"Alontae Taylor","DB","NO",78,6.15,0.427,73.5,81.9,-11.6,-10.8,-16.3,242,221,294,32,"4",NA,NA,58
"Giants","DST","NYG",82.7,14.5,0.21,66.4,102,-11.7,-19.4,-4.61,243,308,170,16,"8",164,0.2,99
"Chargers","DST","LAC",82.5,9.5,2.19,72.3,95.1,-11.9,-13.5,-11.4,244,240,232,17,"9",156,0.6,74
"Jason Myers","K","SEA",135,4.01,3.02,129,140,-12,-8.93,-17.5,246,199,306,21,"2",158,0.65,3
"Patrick Queen","LB","PIT",77.3,0.424,0.263,77,77.6,-12,-10.3,-13.4,245,216,252,25,"4",NA,20.1,24
"Cam Taylor-Britt","DB","CIN",77.5,2.05,2.28,76.2,79,-12,-8.03,-19.2,247,194,328,33,"5",NA,NA,65
"Edgerrin Cooper","LB","GB",77,13.7,1.51,66.9,85.8,-12.2,-20.3,-5.17,248,322,180,26,"5",NA,NA,59
"Jerome Ford","RB","CLE",120,27,2.13,98.7,176,-12.3,-5.54,13.6,249,173,76,37,"11",136,4.26,83
"Jordan Addison","WR","MIN",154,23.5,4.82,132,202,-12.4,-7.09,2.38,250,185,114,43,"7",106,4.14,65
"Quinnen Williams","DL","NYJ",30.4,5.52,0.112,26.3,33.9,-12.5,-13.7,-12,251,241,238,46,"6",NA,NA,49
"Zach Sieler","DL","MIA",30.3,7.21,0.221,25,34.9,-12.6,-15.1,-11,252,260,229,47,"6",NA,NA,45
"Adam Butler","DL","LVR",30.1,2.97,0.0296,27.9,32,-12.8,-12.2,-13.9,253,231,259,48,"6",NA,NA,92
"Jonathon Cooper","DL","DEN",30,9.12,0.341,23.3,35.9,-12.8,-16.7,-10,254,274,216,49,"6",NA,NA,78
"Jonathon Cooper","DL","DEN",30,9.12,0.341,23.3,35.9,-12.8,-16.7,-10,254,274,216,49,"6",NA,NA,90
"C.J. Stroud","QB","HOU",283,17.4,0.819,258,308,-13.2,-19.8,-16.7,256,311,295,18,"6",114,6.87,57
"Brenton Strange","TE","JAC",105,12.6,1.18,89.5,123,-13.2,-18.5,-19.7,255,296,335,20,"7",169,3.34,46
"Christian Barmore","DL","NE",29.7,3.54,0.27,27.1,31.9,-13.2,-13,-13.9,257,233,260,50,"6",NA,NA,55
"Jonathan Allen","DL","MIN",29.4,7,0.0167,24.3,33.9,-13.5,-15.8,-12,258,264,239,51,"6",NA,NA,67
"Grover Stewart","DL","IND",29.4,0.919,0.131,28.7,30,-13.5,-11.3,-15.9,259,225,287,52,"6",NA,NA,41
"Zaven Collins","DL","ARI",29.3,4.17,0.367,26.2,31.9,-13.6,-13.9,-13.9,260,243,261,53,"6",NA,NA,94
"Devin Lloyd","LB","JAC",75.5,14.5,1.44,64.9,84.8,-13.7,-22.4,-6.18,261,350,186,27,"5",NA,8.69,72
"Trevor Lawrence","QB","JAC",282,14.5,2.36,259,302,-14,-18.9,-23.4,263,299,375,19,"6",135,4.5,31
"Davon Hamilton","DL","JAC",28.9,NA,0.0663,NA,NA,-14,NA,NA,262,NA,NA,54,"6",NA,NA,NA
"B.J. Hill","DL","CIN",28.8,1.27,0.0926,28,29.8,-14,-12,-16.1,264,228,290,55,"6",NA,NA,51
"Cardinals","DST","ARI",80.3,11.2,0.0109,61.8,93.3,-14.1,-23.9,-13.2,265,362,251,18,"9",168,0.65,90
"Bengals","DST","CIN",80.3,7.24,0.267,71.6,89.4,-14.1,-14.1,-17.2,266,249,304,19,"9",156,0.1,29
"Malcolm Koonce","DL","LVR",28.7,1.13,0.0411,28,29.6,-14.1,-12,-16.3,267,229,293,56,"6",NA,NA,28
"CJ West","DL","SF",28.7,NA,0.17,NA,NA,-14.2,NA,NA,268,NA,NA,57,"6",NA,NA,NA
"Cade Otton","TE","TB",104,12.8,1.09,87.6,122,-14.3,-20.3,-20.5,270,321,346,21,"7",162,1.58,54
"Da'Ron Payne","DL","WAS",28.5,10.2,0.154,21,35,-14.3,-19,-10.8,271,301,227,58,"7",NA,NA,91
"Will Harris","DB","WAS",75.3,32.5,0.818,54.5,99.1,-14.3,-29.8,0.855,269,420,127,34,"5",NA,5.52,95
"Rachaad White","RB","TB",118,16.1,1.35,94,139,-14.4,-10.3,-23.3,273,217,374,38,"11",123,7.54,48
"Colts","DST","IND",80,4.74,0.686,73.9,84.5,-14.4,-11.8,-22.1,272,226,361,20,"10",167,0.4,13
"Dexter Lawrence","DL","NYG",28.4,10.1,0.187,20.9,34.8,-14.5,-19.1,-11,274,306,230,59,"7",NA,NA,88
"Marshawn Kneeland","DL","DAL",28.2,15.6,0.0898,18.2,39.6,-14.7,-21.8,-6.25,275,339,187,60,"7",NA,NA,99
"Cairo Santos","K","CHI",132,5.73,1.34,125,141,-15,-13.4,-16.1,278,237,291,22,"3",159,0.8,26
"Browns","DST","CLE",79.3,11.9,0.437,63.6,91.5,-15,-22.2,-15,279,346,274,21,"10",148,0,94
"Geno Stone","DB","CIN",74.4,1.77,0.981,73.1,75.6,-15.1,-11.1,-22.7,280,224,366,35,"5",NA,NA,63
"Jack Campbell","LB","DET",74.1,1.63,0.223,73,75.3,-15.2,-14.2,-15.7,281,252,284,28,"5",NA,NA,16
"Chigoziem Okonkwo","TE","TEN",103,12.6,1.6,87.6,122,-15.4,-20.3,-20.4,285,324,344,22,"7",175,3.11,71
"Carson Schwesinger","LB","CLE",73.8,1.77,0.181,72.5,75,-15.4,-14.7,-16,284,255,289,29,"5",NA,NA,57
"Bears","DST","CHI",78.9,9.23,0.0666,67.6,89.5,-15.5,-18.1,-17,286,292,302,22,"10",152,1.4,55
"Buccaneers","DST","TB",78.8,8.21,0.0406,64.1,87.9,-15.5,-21.7,-18.6,287,338,322,23,"10",160,0.65,39
"Raiders","DST","LVR",78.8,9.38,0.862,66.2,91.9,-15.6,-19.5,-14.7,289,309,271,24,"11",170,0,19
"Terrel Bernard","LB","BUF",73.7,20.4,0.481,58.7,86.7,-15.6,-28.6,-4.27,288,403,165,30,"5",NA,10.8,88
"Quinshon Judkins","RB","CLE",117,38.2,1.18,69.8,184,-15.7,-34.5,22.1,290,447,58,39,"11",112,5.48,96
"Demario Davis","LB","NO",73.2,11,1.35,66.2,81.2,-16.1,-21.1,-9.73,295,332,212,31,"5",NA,5.18,60
"Justin Reid","DB","NO",73.5,6.93,0.615,68.4,77.9,-16.1,-15.9,-20.4,296,265,343,36,"5",NA,NA,37
"Chad Ryland","K","ARI",131,11.7,1.79,116,150,-16.3,-22.7,-7.26,298,351,199,23,"3",172,0,81
"Jordan Love","QB","GB",280,15.4,9.93,258,306,-16.4,-19.8,-18.7,299,310,323,20,"7",120,5.24,40
"Jets","DST","NYJ",77.9,8.99,0.0141,66.6,89.3,-16.4,-19.2,-17.3,301,307,305,25,"11",173,0.3,61
"Falcons","DST","ATL",77.9,7.83,2.02,68.3,92.1,-16.5,-17.4,-14.5,302,286,270,26,"12",170,0,26
"Taron Johnson","DB","BUF",72.8,13.4,0.104,63,81.4,-16.7,-21.2,-16.8,307,335,297,37,"5",NA,NA,72
"Josh Metellus","DB","MIN",72.7,34.7,0.424,50.5,98.2,-16.8,-33.7,0,310,438,130,38,"5",NA,6.67,93
"Jacory Croskey-Merritt","RB","WAS",116,45.5,0.516,23.3,153,-16.9,-81,-9.52,312,585,210,40,"11",104,12.7,93
"Dalton Schultz","TE","HOU",101,14.4,0.109,77.5,118,-17,-30.5,-24.5,313,424,388,23,"7",175,2.93,69
"Isaiah Likely","TE","BAL",101,16.5,0.652,80.1,123,-17.1,-27.9,-19.6,315,396,333,24,"7",153,2.61,66
"Jayden Reed","WR","GB",149,23.9,0.366,108,187,-17.2,-30.5,-12.4,316,425,243,44,"7",115,3.14,72
"Tykee Smith","DB","TB",72.3,11.2,0.188,65.2,80.5,-17.2,-19.1,-17.7,318,305,312,39,"5",NA,NA,68
"Jordan Mason","RB","MIN",115,18.3,1.97,78.2,131,-17.4,-26.1,-31,324,377,440,41,"11",101,7.51,38
"Blake Cashman","LB","MIN",71.8,1.27,1.31,71,72.8,-17.4,-16.2,-18.2,322,270,320,32,"5",NA,27.5,10
"Michael Jackson","DB","CAR",72.1,3.25,0.15,70,74.5,-17.4,-14.2,-23.7,323,250,379,40,"5",NA,NA,60
"Emeka Egbuka","WR","TB",149,19.6,0.633,128,185,-17.5,-10.9,-14.1,326,222,265,45,"7",96.8,13.1,68
"Kamari Lassiter","DB","HOU",72,1.56,0.28,70.8,73,-17.6,-13.4,-25.3,327,238,400,41,"5",NA,NA,5
"Darren Waller","TE","MIA",100,12.8,0.398,76.3,111,-17.8,-31.6,-31.8,329,430,449,25,"7",168,2.92,80
"Marlon Humphrey","DB","BAL",71.7,2.9,0.147,69.6,73.6,-17.9,-14.7,-24.7,330,254,394,42,"5",NA,NA,33
"Quentin Lake","DB","LAR",71.6,6.79,0.0608,66.6,75.9,-18,-17.7,-22.4,331,289,363,43,"5",NA,NA,53
"Spencer Shrader","K","IND",129,19.1,0.148,100,152,-18.1,-38.1,-4.9,334,469,175,24,"3",170,0,84
"Derek Stingley Jr.","DB","HOU",71.5,6.86,0.0296,67.1,76.5,-18.1,-17.2,-21.7,332,283,354,44,"5",NA,NA,82
"Zyon McCollum","DB","TB",71.5,0.707,0.084,71,72,-18.1,-13.3,-26.3,333,235,409,45,"5",NA,NA,70
"Rashee Rice","WR","KC",148,28.8,0.983,116,199,-18.2,-23,0,336,354,130,46,"7",69.5,12.1,86
"Pat Freiermuth","TE","PIT",99.8,12.9,0.152,79.4,119,-18.2,-28.5,-23.4,337,402,376,26,"7",157,2.15,57
"Evan Williams","DB","GB",71.4,11,0.122,64.4,79.4,-18.2,-19.9,-18.8,335,314,324,46,"5",NA,2.23,67
"Mike Gesicki","TE","CIN",99.7,7.18,1.98,91.1,111,-18.3,-16.8,-32.1,341,276,450,27,"7",159,1.49,29
"Jason Sanders","K","MIA",129,16.9,2.16,112,156,-18.3,-26.4,-1.66,338,381,142,25,"3",148,3.42,99
"Ji'Ayir Brown","DB","SF",71.3,24.8,0.308,55.4,89.5,-18.3,-28.9,-8.76,340,409,206,47,"5",NA,NA,88
"Saints","DST","NO",75.9,13.9,0.108,55.6,92.7,-18.5,-30.1,-13.9,343,422,257,27,"12",170,0,81
"Dolphins","DST","MIA",75.8,10.9,2.07,62,92.5,-18.6,-23.7,-14.1,346,361,263,28,"13",170,0.1,68
"Talanoa Hufanga","DB","DEN",70.9,4.81,0.00198,67.9,74.5,-18.6,-16.4,-23.8,347,272,380,48,"5",NA,4.15,19
"Bryan Cook","DB","KC",70.9,10.6,0.341,64.2,78.7,-18.6,-20.1,-19.5,348,319,331,49,"6",NA,NA,77
"Nate Landman","LB","LAR",70.5,5.3,0.638,66.6,73.9,-18.7,-20.6,-17,349,328,301,33,"6",NA,7.85,76
"Kyle Dugger","DB","NE",70.6,16.2,0.368,60.2,82.5,-19,-24,-15.7,355,363,285,50,"6",NA,6.5,98
"Khalil Shakir","WR","BUF",147,17.2,0.47,121,175,-19.2,-17.2,-24.3,357,284,386,47,"7",116,4.38,38
"Eric Murray","DB","JAC",70.2,23.3,0.0637,55.3,87.3,-19.3,-28.9,-10.9,360,410,228,51,"6",NA,4.46,91
"Cam Skattebo","RB","NYG",113,20.3,0.599,90.9,152,-19.4,-13.3,-10.4,363,236,219,42,"11",118,5.09,59
"Quay Walker","LB","GB",69.9,1.7,0.294,68.6,71,-19.4,-18.6,-20,361,298,339,34,"6",NA,6.24,9
"Tyler Nubin","DB","NYG",70.2,4.31,0.0508,67,72.9,-19.4,-17.3,-25.3,362,285,401,52,"6",NA,5.66,16
"Jalen Pitre","DB","HOU",70.1,19.7,0.0238,55.7,82.7,-19.4,-28.6,-15.5,364,404,280,53,"6",NA,NA,75
"Kamren Kinchens","DB","LAR",70.1,NA,0.1,NA,NA,-19.5,NA,NA,365,NA,NA,54,"6",NA,NA,56
"Rashid Shaheed","WR","NO",147,10.1,0.541,131,160,-19.6,-7.71,-38.8,368,189,496,48,"7",146,2.97,18
"Ivan Pace","LB","MIN",69.6,10.7,2.39,62.8,77.4,-19.6,-24.5,-13.5,370,368,254,35,"6",NA,6.6,84
"Ja'Quan McMillian","DB","DEN",70,NA,0.295,NA,NA,-19.6,NA,NA,367,NA,NA,55,"6",NA,NA,NA
"Chauncey Gardner-Johnson","DB","HOU",69.7,1.06,0.156,68.9,70.4,-19.9,-15.3,-27.9,371,262,418,56,"6",NA,NA,81
"Tank Bigsby","RB","JAC",112,22.5,5.22,85.2,147,-20,-19.1,-15.6,374,304,282,43,"11",114,3.97,55
"Jalen Thompson","DB","ARI",69.5,11.5,0.0759,62.2,78,-20,-22.1,-20.2,375,344,342,57,"6",NA,NA,47
"Minkah Fitzpatrick","DB","MIA",69.5,5.3,1.17,66.1,73.4,-20.1,-18.2,-24.9,376,294,395,58,"6",NA,11.7,46
"Chris Godwin","WR","TB",146,27.6,1.19,124,201,-20.2,-15.2,1.86,378,261,116,49,"7",105,5.84,83
"Juwan Johnson","TE","NO",97.7,15.4,2.42,69.2,114,-20.3,-38.7,-28.4,380,470,420,28,"8",170,1.54,77
"Blake Grupe","K","NO",127,11.1,5.53,112,147,-20.4,-26.3,-10.7,381,380,226,26,"4",170,0,52
"Jaguars","DST","JAC",73.7,12.4,1.01,51.7,88.7,-20.7,-34,-17.9,383,440,317,29,"14",170,0,65
"Andrew Wingard","DB","JAC",68.3,NA,0.212,NA,NA,-21.3,NA,NA,388,NA,NA,59,"6",NA,NA,26
"Josh Downs","WR","IND",145,17.3,2.61,129,175,-21.4,-9.68,-24.6,389,211,390,50,"7",130,2.85,33
"Kamren Curl","DB","LAR",68.1,15.1,0.0439,57,77.8,-21.5,-27.3,-20.5,391,390,345,60,"6",NA,NA,89
"Titans","DST","TEN",72.7,12.7,2.37,56.5,88.5,-21.7,-29.2,-18.1,396,414,319,30,"15",170,0,42
"Cameron McGrone","LB","IND",67.2,NA,0.884,NA,NA,-22,NA,NA,399,NA,NA,36,"6",NA,5.78,NA
"Mason Taylor","TE","NYJ",95.3,11.7,2.17,78.9,116,-22.7,-29,-26.9,405,413,412,29,"8",171,2.81,60
"Frankie Luvu","LB","WAS",66.3,3.54,0.324,64.1,68.9,-22.9,-23.2,-22.1,415,358,360,37,"6",NA,14.6,21
"Christian Rozeboom","LB","CAR",66,3.04,1.92,64,68.2,-23.2,-23.2,-22.7,419,359,368,38,"6",NA,13.3,64
"Keon Coleman","WR","BUF",142,17,7.27,119,166,-24,-19.8,-33,428,313,456,51,"7",116,3.58,58
"Patriots","DST","NE",70.3,9.74,1.17,57.3,83.1,-24,-28.4,-23.4,429,401,377,31,"16",166,1,87
"Tyler Higbee","TE","LAR",93.1,17.3,4.5,73.3,122,-24.9,-34.7,-21,445,449,350,30,"8",181,1.72,89
"Najee Harris","RB","LAC",107,20.8,0.982,84.5,139,-25.2,-19.8,-23.5,451,312,378,44,"11",127,5.23,69
"Panthers","DST","CAR",69.2,12.7,0,57,91.1,-25.2,-28.7,-15.5,450,406,279,32,"16",170,0.1,48
"Payton Wilson","LB","PIT",64.1,9.05,1.46,57.4,69.9,-25.2,-29.8,-21.1,448,421,351,39,"7",NA,NA,83
"Andres Borregales","K","NE",121,12.6,0.482,101,137,-26,-37.2,-20.6,459,465,347,27,"4",170,0,42
"Nick Chubb","RB","HOU",106,29,6.5,70,146,-26.2,-34.3,-16.3,461,445,292,45,"12",133,6.66,87
"Bryce Young","QB","CAR",270,18.7,3.36,244,296,-26.3,-33.6,-28.9,463,437,426,21,"7",154,2.94,34
"Joey Slye","K","TEN",120,5.7,1.11,111,129,-26.4,-27.4,-28.7,465,391,424,28,"4",170,0,1
"Henry To'oTo'o","LB","HOU",62.6,9.76,0.4,55.4,68.9,-26.6,-31.8,-22.1,469,432,362,40,"7",NA,NA,81
"Tyrice Knight","LB","SEA",62.2,16.5,0.101,50.1,72.8,-27,-37.2,-18.2,473,464,321,41,"7",NA,NA,86
"Jack Sanborn","LB","DAL",62.1,27,0.423,42.3,79.4,-27.1,-45,-11.6,476,489,234,42,"7",NA,21.3,97
"Graham Gano","K","NYG",119,19.7,0.668,83.9,143,-27.6,-54.4,-13.9,483,513,256,29,"4",170,0,94
"Micah McFadden","LB","NYG",61.7,3.54,1.68,59.1,63.9,-27.6,-28.2,-27,482,398,414,43,"7",NA,4.85,48
"Nick Folk","K","NYJ",119,16.4,3.3,92.6,135,-28.2,-45.7,-22.7,494,492,367,30,"4",170,0,87
"Nick Martin","LB","SF",60,NA,0.629,NA,NA,-29.2,NA,NA,512,NA,NA,44,"7",NA,NA,53
"Robbie Ouzts","TE","SEA",88.6,NA,0.673,NA,NA,-29.4,NA,NA,515,NA,NA,31,"8",NA,NA,99
"Geno Smith","QB","LVR",267,12.9,1.23,250,282,-29.6,-27.8,-43,520,395,508,22,"7",150,3.85,17
"Pete Werner","LB","NO",59.4,0.566,0.891,59,59.8,-29.9,-28.3,-31.2,524,399,443,45,"7",NA,NA,66
"Theo Johnson","TE","NYG",87.9,21.9,5.41,45.8,113,-30.1,-62.1,-29.6,527,528,432,32,"9",187,1.24,94
"Elandon Roberts","LB","LVR",58.5,5.37,0.322,54.5,61.9,-30.8,-32.7,-29,535,435,428,46,"7",NA,7.1,74
"Michael Penix Jr.","QB","ATL",265,13.7,1.06,251,285,-30.9,-27,-39.8,538,386,498,23,"7",152,2.84,20
"Mack Wilson","LB","ARI",58.2,1.77,1.62,57,59.5,-31.1,-30.2,-31.5,541,423,446,47,"8",NA,7.06,55
"Marvin Mims","WR","DEN",135,25.5,3.69,107,175,-31.2,-31.4,-24,543,428,385,52,"8",143,3.56,82
"Ryan Fitzgerald","K","CAR",115,21.6,11.9,81.1,136,-31.5,-57.2,-21.2,547,516,352,31,"5",170,0,97
"Tua Tagovailoa","QB","MIA",264,21,2.67,235,291,-31.9,-42.5,-33.6,553,481,458,24,"7",140,3.6,46
"Trey Benson","RB","ARI",99.7,12.2,0.781,82,115,-32.7,-22.3,-47.3,563,348,521,46,"12",141,5.88,25
"Dre Greenlaw","LB","DEN",56.5,45,1.13,23.5,85.3,-32.7,-63.8,-5.63,562,531,181,48,"8",NA,9.74,98
"Ray Davis","RB","BUF",98.9,26.9,3.56,69.6,149,-33.5,-34.7,-13.2,571,448,250,47,"12",145,2.32,72
"Omar Speights","LB","LAR",55.4,0.636,0.234,55,55.9,-33.8,-32.3,-35.1,575,434,466,49,"8",NA,NA,79
"Divine Deablo","LB","ATL",55.2,7.35,1.35,49.8,59.9,-34.1,-37.5,-31.1,577,466,441,50,"8",NA,NA,90
"Matthew Stafford","QB","LAR",262,18,2.72,241,288,-34.6,-37,-37.2,581,463,483,25,"7",147,3.97,54
"Rashod Bateman","WR","BAL",131,19.1,4.66,103,156,-34.9,-35.5,-43.8,583,455,512,53,"8",143,4.67,60
"Trevin Wallace","LB","CAR",53.8,17,0.237,41.3,64.7,-35.4,-45.9,-26.2,590,493,408,51,"8",NA,NA,91
"Elijah Arroyo","TE","SEA",82.5,26.4,5.39,42,115,-35.5,-65.9,-27.5,591,536,417,33,"9",176,6.16,97
"Germaine Pratt","LB","LVR",53.6,26.9,0.501,36.4,73.3,-35.6,-50.9,-17.6,594,504,310,52,"8",NA,6.58,93
"Denzel Perryman","LB","LAC",53.1,NA,0.062,NA,NA,-36.1,NA,NA,597,NA,NA,53,"8",NA,NA,78
"Nakobe Dean","LB","PHI",53,3.11,0.114,51,55.3,-36.2,-36.2,-35.6,600,459,472,54,"8",NA,9.82,71
"Demetrius Knight","LB","CIN",52.9,6.22,0.124,48.4,56.9,-36.3,-38.9,-34.1,602,471,459,55,"8",NA,NA,50
"Marcelino McCrary-Ball","LB","NYJ",52.8,NA,1.1,NA,NA,-36.4,NA,NA,604,NA,NA,56,"9",NA,NA,NA
"Tyjae Spears","RB","TEN",95.4,27.1,0.399,54,131,-37.1,-50.3,-31.2,613,502,442,48,"12",143,2.81,85
"Sam Darnold","QB","SEA",259,15.6,5.7,234,281,-37.3,-44.1,-44,617,486,513,26,"8",149,4.65,23
"Rico Dowdle","RB","CAR",95,17.1,0.668,76,127,-37.4,-28.3,-35.4,618,400,470,49,"12",154,2.59,51
"Jeremiah Trotter Jr.","LB","PHI",51.7,NA,0.8,NA,NA,-37.5,NA,NA,619,NA,NA,57,"9",NA,NA,NA
"Tyler Allgeier","RB","ATL",94.3,6.6,1.08,85.8,106,-38.1,-18.5,-56.5,625,297,555,50,"12",150,3.41,4
"Jeremiah Owusu-Koramoah","LB","CLE",50.9,NA,0.26,NA,NA,-38.3,NA,NA,626,NA,NA,58,"9",NA,NA,99
"Christian Elliss","LB","NE",50.6,4.03,0.24,48.1,53.6,-38.6,-39.2,-37.4,631,472,484,59,"9",NA,NA,67
"Christian Elliss","LB","NE",50.6,4.03,0.24,48.1,53.6,-38.6,-39.2,-37.4,631,472,484,59,"9",NA,NA,62
"James Williams","LB","TEN",50.4,NA,0.105,NA,NA,-38.8,NA,NA,633,NA,NA,60,"9",NA,NA,69
"James Williams","LB","TEN",50.4,NA,0.105,NA,NA,-38.8,NA,NA,633,NA,NA,60,"9",NA,NA,95
"Jaydon Blue","RB","DAL",93.2,27.1,0.168,44.1,126,-39.2,-60.2,-35.9,637,522,474,51,"12",141,4.84,79
"Braelon Allen","RB","NYJ",93,16.5,3.77,70.2,115,-39.4,-34.1,-47.8,639,441,524,52,"12",138,6.71,49
"Darnell Mooney","WR","ATL",127,52.7,2.01,15.2,168,-39.6,-124,-31.7,641,745,448,54,"8",131,3.4,99
"Ja'Tavion Sanders","TE","CAR",77.1,10.1,2.39,64.6,92.1,-40.9,-43.4,-50.7,650,484,531,34,"9",170,2.77,34
"Keenan Allen","WR","LAC",125,24.3,2.23,96.7,156,-41.6,-42,-43.6,653,479,511,55,"8",127,4.61,93
"Cam Ward","QB","TEN",253,24,1.67,217,285,-43,-60.3,-39.8,663,523,499,27,"8",154,6.41,63
"Bhayshul Tuten","RB","JAC",89.3,17.1,1.12,61,116,-43.1,-43.2,-46.6,665,483,519,53,"12",149,3.61,66
"Will Dissly","TE","LAC",74.7,13.6,3.21,51.9,86.6,-43.3,-56.1,-56.2,666,515,554,35,"9",170,1.1,83
"Andre Szmyt","K","CLE",104,18.9,26.8,83,127,-43.4,-55.3,-30.5,667,514,436,32,"6",NA,NA,90
"Xavier Legette","WR","CAR",122,16.3,3.43,95.1,142,-43.8,-43.6,-57.3,670,485,558,56,"8",155,1.33,69
"Brian Robinson","RB","SF",88.2,20.6,0.88,70.1,119,-44.3,-34.1,-43.2,673,442,509,54,"12",118,4.17,75
"Aaron Rodgers","QB","PIT",252,23.3,45.3,232,293,-44.7,-46,-31.6,677,494,447,28,"9",152,9.53,37
"Kareem Hunt","RB","KC",87.3,14.2,5.42,69.5,112,-45.1,-34.7,-49.8,682,450,527,55,"12",148,2.92,45
"Noah Gray","TE","KC",71.5,16.7,0.938,46.8,91.1,-46.5,-61.2,-51.7,691,526,541,36,"10",170,1.8,74
"Cedric Tillman","WR","CLE",119,20,1.41,80.6,136,-47.3,-58.1,-63,697,519,565,57,"8",170,2.93,61
"Wan'Dale Robinson","WR","NYG",118,18.8,0.365,87.1,138,-48.7,-51.6,-61.4,704,509,564,58,"8",165,2.47,75
"Christian Kirk","WR","HOU",117,15.8,1.74,103,143,-49,-35.8,-56.7,707,457,556,59,"9",153,3.47,43
"Dylan Sampson","RB","CLE",81.9,36.8,4.03,18.7,127,-50.6,-85.6,-34.9,712,599,464,56,"13",158,3.27,92
"Demario Douglas","WR","NE",115,16.9,0.617,86.2,135,-50.8,-52.5,-64.6,714,510,570,60,"9",167,1.99,74
"Jayden Higgins","WR","HOU",115,37.6,0.00293,47.4,162,-51.4,-91.3,-37.7,716,615,487,61,"9",142,4.18,94
"Marquise Brown","WR","KC",115,30.1,0.408,56.5,148,-51.4,-82.3,-51.5,717,587,537,62,"9",150,3.01,92
"Jalen Coker","WR","CAR",114,20.1,1.62,91.2,152,-51.8,-47.5,-47.2,719,496,520,63,"9",170,2.68,78
"Romeo Doubs","WR","GB",113,19.6,6.68,90.4,139,-53.4,-48.3,-60.6,727,498,563,64,"9",158,1.73,71
"Justice Hill","RB","BAL",77.8,16.4,3.52,44.2,93.3,-54.6,-60.1,-69,732,521,582,57,"13",173,2.17,65
"Audric Estime","RB","FA",74.3,NA,2.32,NA,NA,-58.1,NA,NA,745,NA,NA,58,"13",NA,NA,99
"Michael Wilson","WR","ARI",106,16.7,2.33,89.6,131,-60.1,-49.2,-68.3,759,500,579,65,"9",182,1.74,79
"Roschon Johnson","RB","CHI",72,11.6,0.193,63.6,94.2,-60.4,-40.6,-68.1,761,476,578,59,"13",173,3.06,39
"Khalil Herbert","RB","FA",71.8,17.2,3.68,60.1,83.7,-60.6,-44.2,-78.6,764,488,601,60,"13",170,0,70
"Adam Thielen","WR","MIN",104,34.7,1.15,68.3,153,-62.4,-70.4,-46.1,772,551,516,66,"9",155,2.81,85
"Quentin Johnston","WR","LAC",103,32.8,2.04,58.8,147,-63.6,-80,-52.6,779,580,545,67,"9",166,2.54,90
"Kendre Miller","RB","NO",68.1,18.3,1.78,46.6,98.6,-64.3,-57.7,-63.7,781,518,567,61,"13",174,3.16,61
"Alec Pierce","WR","IND",101,33.4,0.351,59.1,146,-65.6,-79.6,-53,787,578,548,68,"9",176,1.99,88
"Brandon Aiyuk","WR","SF",100,57.8,0.627,8.16,197,-66,-131,-2.53,788,761,149,69,"9",142,5.43,99
"Jaylen Wright","RB","MIA",66.3,22.8,1.72,35.8,95.3,-66.1,-68.4,-67,789,542,573,62,"13",167,1.88,77
"Luther Burden","WR","CHI",99.6,28.7,0.576,59.3,148,-66.6,-79.4,-51.7,790,576,542,70,"9",157,4.36,81
"Ray-Ray McCloud","WR","ATL",99,23.8,0.0233,60.2,132,-67.2,-78.5,-67.7,792,572,577,71,"9",180,1.94,97
"Tyler Lockett","WR","TEN",99,26.1,0.417,77.8,150,-67.2,-60.9,-49.7,793,524,526,72,"9",177,2.23,89
"Antonio Gibson","RB","NE",64.6,25.9,0.791,26.6,86,-67.8,-77.7,-76.3,795,567,597,63,"13",170,2.21,80
"Ty Johnson","RB","BUF",63.8,18.2,0.512,45.1,92.2,-68.6,-59.2,-70.1,800,520,583,64,"14",170,1.33,68
"Ollie Gordon","RB","MIA",63.3,37.7,0.999,21.9,130,-69.1,-82.3,-32.7,805,588,454,65,"14",153,6.35,94
"Gus Edwards","RB","FA",62.3,NA,0.863,NA,NA,-70.1,NA,NA,810,NA,NA,66,"14",NA,NA,86
"Raheem Mostert","RB","LVR",61.4,24.3,3.85,34.8,105,-71,-69.5,-56.9,821,548,557,67,"14",176,2.15,82
"Blake Corum","RB","LAR",57.6,25.3,0.687,30.7,108,-74.8,-73.6,-54.5,840,558,551,68,"14",181,2.71,76
"Cam Akers","RB","FA",56.9,NA,0.0871,NA,NA,-75.5,NA,NA,843,NA,NA,69,"14",NA,NA,90
"Miles Sanders","RB","DAL",56.8,17.8,1.19,33.3,80.7,-75.6,-71,-81.6,845,553,607,70,"14",192,2.39,62
"Woody Marks","RB","HOU",55.6,32.8,0.009,4.8,105,-76.8,-99.5,-57.6,852,651,560,71,"14",174,3.06,97
"MarShawn Lloyd","RB","GB",55.6,31,0.216,14.8,96,-76.8,-89.4,-66.3,853,610,572,72,"14",162,2.97,89
"Russell Wilson","QB","NYG",206,51.6,3.16,125,265,-89.9,-153,-60,973,796,562,29,"9",144,3.79,80
"Daniel Jones","QB","IND",203,78.9,49.9,52.9,296,-93.1,-225,-28.9,982,797,425,30,"10",150,6.53,89
"Spencer Rattler","QB","NO",153,96.1,6.7,21.6,259,-143,-256,-65.8,1140,800,571,31,"10",172,2.63,94
"Joe Flacco","QB","CLE",147,70.4,24.5,49.8,242,-150,-228,-82.5,1150,798,609,32,"11",166,4.55,83
"Anthony Richardson","QB","IND",122,100,23.3,9.32,274,-174,-268,-50.8,1200,802,532,33,"12",124,5.89,91
"Tyler Shough","QB","NO",98.8,67.4,14.8,1.74,182,-198,-276,-143,1200,812,738,34,"13",174,4.25,86
"Kirk Cousins","QB","ATL",84,107,4.48,0.822,232,-212,-277,-93,1200,816,627,35,"13",149,1.9,97
"Deshaun Watson","QB","CLE",79.5,55.7,27.2,41.4,118,-217,-236,-207,1200,799,804,36,"14",NA,2.28,99
